{
  "Benchmark1": 6.5225671234657066,
  "Benchmark2": 5.243528705614153
}