{
    "_attr_tau": [
        "line_status",
        "topo_vect"
    ],
    "_attr_x": [
        "prod_p",
        "prod_v",
        "load_p",
        "load_q"
    ],
    "_attr_y": [
        "a_or",
        "a_ex"
    ],
    "_m_tau": [
        1.0,
        0
    ],
    "_m_x": [
        [
            77.6788101196289,
            76.03154754638672,
            23.95787811279297,
            5.0580291748046875,
            2.887202739715576,
            75.9172134399414
        ],
        [
            142.01736450195312,
            142.01736450195312,
            22.0,
            22.0,
            13.203238487243652,
            142.01736450195312
        ],
        [
            21.49793243408203,
            93.4225082397461,
            47.36103820800781,
            7.532346248626709,
            11.09235668182373,
            29.24042320251465,
            8.926072120666504,
            3.468686580657959,
            6.047743797302246,
            13.39062786102295,
            14.765268325805664
        ],
        [
            15.048056602478027,
            65.39510345458984,
            33.15034103393555,
            5.27278995513916,
            7.765200614929199,
            20.46829605102539,
            6.248533248901367,
            2.4280266761779785,
            4.2333455085754395,
            9.374197959899902,
            10.335649490356445
        ]
    ],
    "_m_y": [
        0.0,
        0.0
    ],
    "_sd_tau": [
        -1.0,
        1
    ],
    "_sd_x": [
        [
            8.720194816589355,
            8.541096687316895,
            14.07790756225586,
            8.143135070800781,
            4.691639423370361,
            9.161792755126953
        ],
        1.0,
        [
            1.9434927701950073,
            8.96426773071289,
            4.745591163635254,
            0.8189351558685303,
            0.9728373289108276,
            2.7295467853546143,
            1.0252690315246582,
            0.47917667031288147,
            0.7464396357536316,
            1.6257659196853638,
            1.464803695678711
        ],
        [
            1.3899040222167969,
            6.3029866218566895,
            3.350673198699951,
            0.603782057762146,
            0.7117199301719666,
            1.941579818725586,
            0.7485576868057251,
            0.36620277166366577,
            0.5528785586357117,
            1.1683903932571411,
            1.0558677911758423
        ]
    ],
    "_sd_y": [
        [
            55.18833541870117,
            54.56612014770508,
            35.87898254394531,
            51.55892562866211,
            46.03687286376953,
            27.422531127929688,
            54.77091598510742,
            168.58746337890625,
            148.56051635742188,
            181.7170867919922,
            160.36688232421875,
            128.4867401123047,
            151.49313354492188,
            148.37545776367188,
            113.57129669189453,
            34.665306091308594,
            24.191076278686523,
            48.674224853515625,
            150.04452514648438,
            225.41050720214844
        ],
        [
            55.238929748535156,
            54.19953536987305,
            35.34811019897461,
            50.83043670654297,
            46.23639678955078,
            27.325523376464844,
            54.77091598510742,
            168.58746337890625,
            148.56051635742188,
            181.7170867919922,
            160.36688232421875,
            128.4867401123047,
            151.49313354492188,
            148.37545776367188,
            113.57129669189453,
            333.32025146484375,
            161.1765899658203,
            312.4712829589844,
            175.03477478027344,
            321.9678039550781
        ]
    ]
}